P01,D22
P01,D60
P01,D69
P01,D70
P03,D35
P04,D02
P04,D16
P04,D22
P04,D23
P04,D24
P04,D40
P04,D45
P04,D47
P04,D60
P04,D61
P05,D12
P05,D29
P05,D40
P05,D58
P05,D60
P05,D61
P05,D63
P05,D75
P06,D01
P06,D02
P06,D17
P06,D25
P06,D30
P06,D39
P06,D45
P06,D47
P06,D60
P06,D64
P06,D68
P09,D01
P09,D02
P09,D03
P09,D05
P09,D12
P09,D16
P09,D17
P09,D22
P09,D23
P09,D24
P09,D29
P09,D32
P09,D40
P09,D43
P09,D45
P09,D47
P09,D53
P09,D58
P09,D60
P09,D63
P09,D65
P09,D68
P09,D69
P09,D71
P09,D73
P09,D75
P09,D76
P09,D78
P09,D79
P11,D45
P11,D47
P14,D38
P20,D13
P20,D19
P20,D30
P20,D33
P20,D40
P20,D44
P20,D59
P20,D64
P20,D79
P21,D12
P21,D22
P21,D23
P21,D25
P21,D30
P21,D79
P23,D01
P23,D17
P23,D45
P23,D47
P23,D60
P27,D16
P27,D37
P27,D47
P27,D64
P29,D01
P29,D12
P29,D24
P29,D32
P29,D33
P29,D37
P29,D39
P29,D43
P29,D53
P29,D59
P29,D60
P29,D69
P29,D70
P29,D76
P29,D78
P29,D79
P32,D24
P32,D39
P33,D03
P33,D12
P33,D22
P33,D25
P33,D30
P33,D33
P33,D39
P33,D44
P33,D45
P33,D61
P33,D64
P34,D05
P35,D61
P36,D01
P36,D05
P36,D06
P36,D07
P36,D14
P36,D15
P36,D16
P36,D17
P36,D20
P36,D27
P36,D35
P36,D37
P36,D38
P36,D42
P36,D43
P36,D45
P36,D47
P36,D50
P36,D52
P36,D53
P36,D57
P36,D60
P36,D70
P36,D75
P36,D76
P36,D78
P37,D02
P37,D16
P37,D40
P37,D45
P37,D47
P37,D61
P38,D45
P42,D01
P42,D02
P42,D05
P42,D07
P42,D08
P42,D09
P42,D29
P42,D32
P42,D46
P42,D47
P42,D48
P42,D60
P42,D62
P42,D63
P42,D64
P42,D68
P42,D69
P42,D70
P42,D75
P43,D17
P43,D25
P43,D60
P43,D64
P43,D78
P47,D35
P47,D40
